source,target,precision
sichuan,yi,0.998907840223
prefix,prefijo,0.943812933302
asian,asiático,0.5
saved,guardada,0.978684741574
aug,ago,1.0
updated,actualizado,0.999983578731
replication,réplica,0.87040268623
every,cada,0.768966808708
updates,actualizaciones,0.704792636451
postpone,postponer,0.933894159067
scrollback,retroceso,0.666637347029
four,cuatro,0.937703288825
basics,básica,0.832382826825
prefill,precumplimentar,0.874837484486
upload,subida,0.999993962225
gaelic,escocés,0.514894993632
croatian,croata,1.0
japanese,japonés,1.0
second,segundo,0.64483086351
street,calle,1.0
implemented,implementado,1.0
expressions,expresiones,0.843119450136
hide,ocultar,0.868459697333
preferences,preferencias,0.942567558792
cyprus,chipre,1.0
panama,panamá,1.0
selected,seleccionadas,0.999970062385
decoding,decodificación,0.938329030884
chechen,checheno,1.0
new,nuevos,0.965897648504
kicked,pateado,0.651298564036
never,nunca,0.999999459717
reported,identificados,0.72291517201
protection,protección,0.999809304263
active,activo,0.866150464574
items,elementos,0.587258090105
changed,cambiada,0.901682207754
reports,informes,0.884806055762
indentation,sangría,0.716752004406
browsing,navegación,0.539784705134
changes,cambios,0.914325032855
issuers,emisores,0.950828355384
secure,segura,0.797616649657
classification,identificar,0.791320522686
replace,sustituir,0.913718006102
unit,unidad,0.916209088968
palestinian,palestina,0.515987415233
browse,examinar,0.806749346263
sidebars,laterales,0.999998746883
program,programa,0.999957523086
call,llamada,0.926579313097
preview,previsualización,0.950866614078
type,tipo,0.946171989042
tell,indicar,0.708313957545
separated,separado,0.538776496271
composite,compuesto,1.0
georgian,georgiano,1.0
warn,advertirme,0.978250864703
phone,teléfono,0.884864359069
interaction,interacción,1.0
siblings,hermanos,1.0
hold,alcance,0.942362916959
outdated,desactualizado,0.887918098363
addon,complemento,0.943259840049
word,comienzo,0.500002500293
room,sala,1.0
rights,derechos,0.999999913477
presentation,presentación,0.978470378073
setup,cómo,0.507074885456
work,trabajo,0.999999964736
refusing,rechazando,0.892214512686
install,instalar,0.848468978732
exceptions,excepciones,0.999828891918
grenada,granada,1.0
example,ejemplo,0.796033343835
phrase,frase,0.55761535401
give,denos,0.761628262729
autodetect,autodetectar,1.0
authorities,autoridades,1.0
want,quiere,0.649870574586
organizer,organizador,1.0
absolute,absoluto,0.999671178315
end,finalización,0.99504260771
recovery,recuperación,0.977393868339
machine,máquina,0.520573341555
place,colocar,0.881583221229
description,descripción,0.943103472334
diagram,diagrama,1.0
wrong,equivocada,0.830205348596
fijian,fiji,0.5
inactivity,inactividad,0.651714498608
attempt,intento,0.716133775249
third,tercero,1.0
lost,perdido,0.947591801777
wink,pícaro,1.0
enter,introduzca,0.883444643417
order,orden,0.660598201888
operations,operaciones,0.833329659008
feedback,opinión,0.750896465716
uninstalling,desinstalando,1.0
consent,consiento,0.807305792904
galician,gallego,1.0
keyboard,teclado,0.785061304015
responsive,adaptable,0.805726898859
japan,japón,1.0
fit,encajar,1.0
weeks,semanas,0.998599677936
belarus,belarús,1.0
fragment,fragmentos,0.922712240288
safe,seguro,0.585385263441
aborted,abortado,1.0
unthreaded,anidado,0.5
nested,anidada,0.952507955256
backgrounds,fondos,0.731772319986
timeout,caducidad,0.798817027187
debug,depurar,0.999990966811
feeds,canales,0.513960791367
side,lado,0.909591116078
wheel,rueda,0.909195659314
signing,firmando,1.0
stronger,compleja,0.886861731011
wednesday,miércoles,1.0
latvian,letón,1.0
used,utilizada,1.0
yiddish,judío,1.0
hosted,alojado,1.0
extract,añadirla,0.615197887612
saturday,sábado,1.0
network,red,0.896647865526
restricted,restringidos,0.920393825465
toolbars,barras,0.999999975927
laid,ve,0.917084563865
surprise,sorpresa,1.0
size,tamaño,0.706660488462
apr,abr,1.0
stamping,marca,0.724634540448
resume,reanudar,1.0
free,gratis,1.0
ascending,ascendente,0.999999984523
created,creado,0.92638770727
starts,comience,0.99959802903
messages,mensajes,0.937556854974
days,días,0.868249749701
filter,filtrar,0.999999673432
signature,firma,0.662882800576
baltic,báltico,1.0
unterminated,literal,0.666652349307
features,características,0.842020056936
grade,grado,0.791838202705
primary,primario,1.0
restrict,restringir,0.940780785897
categorize,categorizar,0.927560688295
antilles,holandesas,0.514894993632
service,servicio,0.956648399297
attach,anexado,0.926121215793
top,encima,0.770095547281
master,maestras,0.936260406622
listed,listado,1.0
draft,borrador,0.564109266381
listen,escucha,0.938843376525
danish,danés,1.0
collapse,contraer,0.876110297589
tool,herramienta,0.949218451964
direct,directo,0.999644271448
western,occidental,0.999961702148
begins,comienza,0.533355942881
keyword,palabra,0.554183701237
enabled,habilitado,1.0
project,proyecto,0.688404757753
idle,inactivo,0.858646383485
gabon,gabón,1.0
compacting,compactación,0.875712288635
raw,procesados,0.770963113616
friulian,friulano,1.0
contents,contenidos,0.862503762509
cyrillic,cirílico,1.0
indexer,indexador,0.864019525752
recommended,recomendados,0.842984606669
iceland,islandia,1.0
extending,extender,0.933258355963
germany,alemania,1.0
breakpoint,ruptura,0.840459707851
tibetan,tibetano,1.0
zealand,zelanda,0.90136460636
incomplete,incompletas,0.999563297583
whitelist,blanca,1.0
syntax,sintaxis,0.963205150915
colors,colores,0.889686474027
stepping,pasos,0.942589697465
hungary,hungría,1.0
busy,ocupado,0.999896309207
clicked,pulsado,1.0
menu,menú,0.999960561211
theme,tema,0.824218549501
folder,carpeta,0.920609131624
watch,vigilancia,0.980976016827
coast,costa,0.651203384935
report,informe,0.539202106633
layout,disposición,1.0
bar,barra,0.519646340429
fields,campos,0.523923920712
method,método,0.915553225163
reload,recargue,0.946834212885
bad,mal,1.0
asturian,asturiano,1.0
automatic,automáticas,0.844566059676
flagged,señalado,0.999999974765
reference,referencia,0.821873197565
guiana,guayana,0.952095331103
unexpectedly,inesperadamente,0.990537726833
result,resultado,0.764569546398
hash,compresión,0.501328405871
best,mejor,0.818807550156
subject,asunto,0.8966009325
brazil,brasil,1.0
inappropriate,inapropiada,0.833107122767
away,ausente,0.75
unable,posible,0.757535844185
terms,términos,0.99240137294
bookmarked,añadidos,0.952173454005
component,componente,0.912433309399
packaged,empaquetado,1.0
icelandic,islandés,1.0
received,recibida,0.999999300649
planner,planificador,0.660254620802
undelete,recuperar,0.615924208916
country,país,0.941166403323
adapter,adaptador,0.999997956962
threads,conversaciones,0.79876133473
requests,solicitudes,0.784574594947
height,altura,0.958448552905
basque,vasco,1.0
loaded,cargado,1.0
trust,confianza,0.653869651835
conference,conferencias,0.929264954363
source,fuente,0.908352227368
fri,vie,1.0
tiny,diminuto,1.0
beep,pitido,0.908396039462
viewer,visor,0.970450782182
basic,básico,0.993622771818
tutorials,tutoriales,0.951625825276
entered,introducida,0.907602422415
threw,lanzó,0.502813961338
anchors,internos,0.621025341134
eastern,oriente,0.58099461266
tajikistan,tayikistán,1.0
argument,argumento,0.837065029988
exception,excepción,0.992457275174
save,salvar,0.996698812858
formatting,formateo,1.0
oman,omán,1.0
property,propiedad,0.768903561748
seven,siete,0.572784574132
mexico,méxico,1.0
hebrew,hebreo,1.0
march,marzo,1.0
mouse,ratón,0.855655481741
trusted,confiado,1.0
containing,contenedora,0.941754441565
perform,realizar,0.739836386574
make,actualice,0.787236266994
beside,junto,0.9339931231
split,dividir,0.903405518508
incorrectly,incorrectamente,0.998646058878
european,europea,0.665587013496
templates,plantillas,0.999865709713
welsh,galés,1.0
hand,mano,0.999089699478
action,acción,0.950728646489
cycle,distintos,0.509466855361
thu,jue,1.0
min,mín,1.0
uploading,subiendo,1.0
ocean,océano,0.862274875094
contact,contactar,0.946392549285
monaco,mónaco,1.0
left,izquierdo,0.993385518802
unified,unificadas,0.999954380792
protocol,protocolo,0.847685963688
birth,nacimiento,0.912101693373
photo,foto,0.684413549325
belarusian,bielorruso,1.0
quotes,comillas,0.993743878458
thanks,agradecimiento,0.941171272211
yet,todavía,0.808937709752
previous,anterior,0.824709180745
character,carácter,0.999579087635
innocent,inocente,0.780313389433
east,oriental,0.994966048971
casting,asimilando,0.921670964442
possible,imposible,0.6666627754
boxes,casillas,0.517440060968
rotate,rotación,0.783820070169
descending,descendente,0.999999984523
background,fondo,0.665838659878
cape,cabo,0.515227458575
unique,único,0.632615885766
korean,coreano,1.0
advanced,avanzadas,0.999999988619
zoom,disminuir,1.0
specific,específico,0.62937126965
remind,recordármelo,0.848519526209
security,seguridad,0.953242502493
portuguese,portugués,1.0
right,derecha,0.834493298603
people,personas,0.999555531301
czech,checo,1.0
successfully,correctamente,0.999159166163
malaysia,malasia,1.0
animate,animar,0.622698271401
ignore,ignorar,0.92102302022
tracked,ser,0.685553585323
bottom,inferior,0.995479075658
notification,notificación,0.693841104756
comments,comentarios,0.791162836554
denied,denegado,0.932783194116
christmas,navidad,0.939153168647
slavic,church,0.941171272211
bold,negrita,0.99999999999
subscriptions,suscripciones,0.732306433818
deleted,eliminados,1.0
properties,propiedades,0.9806490118
yelling,gritando,0.666661157295
subfolder,subcarpeta,0.939543148336
islands,islas,0.999999521427
automatically,automáticamente,0.884499611232
match,cumplan,0.922505698184
statements,sentencias,0.873954102266
greenland,groenlandia,1.0
wrap,ocupar,1.0
support,soporte,0.559193273919
initial,inicial,0.908775398518
class,clase,0.974176957381
width,anchura,0.999999250923
decoded,decodificadas,0.50000009792
medium,mediano,1.0
form,formulario,0.92528967086
offer,ofrecerlo,0.898063752131
back,atrás,0.997185787583
notifications,notificaciones,0.84311162039
bengali,bengalí,1.0
vietnamese,vietnamita,1.0
removed,eliminada,0.799939964386
reset,reinicializar,0.943471389475
reconnection,reconexión,0.95909233953
versions,versiones,0.999980591793
unpin,desasociar,0.89632052837
maximum,máximo,0.604726127831
devices,dispositivos,0.748337799498
authorization,autorización,0.999990472672
vatican,vaticano,0.948716040213
delete,eliminarlos,1.0
weekday,laborable,0.999274311786
classic,clásica,0.997144211984
timezone,horaria,0.997484828412
check,comprobar,0.881087299956
physical,físico,1.0
clientinfo,ctcp,0.821150206277
cambodia,camboya,1.0
setting,establecimiento,0.88789505286
republic,república,0.996162540771
welcome,bienvenido,0.999834696801
update,actualización,0.802143366033
sql,lentas,0.980545077509
snooze,alarmas,1.0
attendees,asistentes,0.989516703374
tahitian,tahití,1.0
bullet,viñeta,0.999836596748
modules,módulos,0.803463521909
daily,diariamente,1.0
vietnam,vietnám,1.0
managed,gestionadas,0.56783017306
skip,omitir,0.757618357002
focus,árbol,0.616004186119
themes,temas,0.999560148877
known,conocidas,0.999882293988
manager,administrador,0.890599436162
chair,presidencia,1.0
displaying,preferido,0.501513237466
row,fila,0.999999999067
privacy,privacidad,0.97056305439
nonleaf,distinto,0.64470019055
blocking,bloqueando,0.598345503741
environment,entorno,0.601835495708
encrypted,cifrada,0.995035985161
must,debe,0.943660566087
downloading,descargando,0.922828791057
entries,entradas,0.531996479074
join,unir,0.999383670783
minute,minuto,1.0
cool,guay,0.999991815571
philippines,filipinas,1.0
standards,estándares,0.96106724794
leave,dejarlo,0.942482995483
defaults,valores,0.552692327443
quick,rápida,0.866459936579
prevent,impedir,0.95806444323
unexpected,inesperada,0.567994719453
occurrence,aparición,0.986103685911
discover,descubrir,0.525965540492
sign,conectarse,0.580837446909
affiliation,afiliación,0.515227458575
incrementally,incrementar,0.599185550749
port,puerto,0.90813367329
afghanistan,afganistán,1.0
current,actuales,0.980640565264
suspect,sospechoso,0.788989236533
template,plantilla,0.934183805402
faroese,feroés,1.0
reply,responder,0.958910607627
slot,ranura,0.767782960772
learn,saber,0.895996277088
french,francés,1.0
downloaded,descargado,0.999811747919
integrity,integridad,0.575377156252
address,direcciones,0.687740296579
along,largo,0.770357199557
sending,enviando,0.757365839783
dec,dic,1.0
incoming,entrante,0.99993058926
canadian,canadiense,0.79081867199
shift,mayús,1.0
timings,tiempos,0.5
uzbekistan,uzbekistán,1.0
mauritius,mauricio,1.0
darussalam,brunei,0.941171272211
domains,dominios,0.862958473206
pause,pausar,0.999999999335
tasks,tareas,0.891002710219
regardless,independencia,0.851456581933
confidentiality,confidencialidad,0.955146260295
gamepad,mando,1.0
prefer,preferir,0.900024794171
marked,marcado,0.784760719059
licensing,licencia,0.522917465708
bookmarks,marcadores,0.912140515243
trinidad,tobago,0.998907840223
jan,ene,1.0
visit,visitar,0.832477798727
france,francia,1.0
live,dinámicos,0.697892754731
handler,manejador,0.940717428072
memory,agotada,1.0
scope,ámbito,0.7124359415
today,hoy,0.999996093168
sharing,compartiendo,0.950300623532
suggestions,sugerencias,0.999365313497
validity,validez,1.0
luxembourgish,luxemburgués,1.0
lowercase,minúsculas,0.999784879871
graphic,gráfico,1.0
standalone,independiente,0.838410622803
modified,modificadas,0.864109749978
printing,imprimiendo,1.0
tracing,traza,0.534342108164
following,siguiendo,0.999870495119
modifier,modificadora,0.999779320984
months,meses,0.515497045652
stream,flujo,0.999551783264
attribute,atributo,0.887519312475
mailboxes,buzones,0.999652859011
agent,agente,0.95264149765
unsent,pendientes,0.702780999111
allowed,permitidos,0.67360338073
swedish,sueco,1.0
write,escrib,0.565478338251
sunday,domingo,1.0
fourth,cuarto,1.0
tile,mosaico,1.0
parameter,parámetro,0.968001617129
nevis,saint,0.910524764399
map,mapa,0.748348008296
product,producto,0.666796865842
may,mayo,1.0
max,máx,1.0
birthday,cumpleaños,1.0
value,valor,0.881279466459
date,fecha,0.883955725398
data,datos,0.950557760453
outline,contorno,0.956519493445
succeeded,correcto,0.75225574773
maybe,quizá,0.848519526209
su,do,1.0
accelerated,gpu,0.908918420868
african,centroafricana,0.500587558316
superscript,superíndice,1.0
tagged,etiquetado,0.99999997551
subsections,subsecciones,1.0
entity,entidad,0.93856007489
ended,finalizado,0.5
counterclockwise,antihorario,0.75211412949
still,aún,0.872520630278
pointer,puntero,0.999189553932
blocked,bloqueado,0.750755129133
group,agrupar,1.0
kazakhstan,kazajstán,1.0
platform,plataforma,0.747764878785
window,ventana,0.909762838244
multiline,multilínea,0.798651245851
policy,política,0.793686408856
mail,personalizables,0.597542380814
main,principal,0.895515075762
norway,noruega,1.0
non,participante,0.5
recipients,destinatarios,0.958326391395
views,vistas,0.635900439912
matches,coincide,1.0
mismatched,pareja,0.759736766981
sorted,forma,0.894114197178
killed,ignorada,0.791994364924
permissions,permisos,0.999817530054
name,nombre,0.980908824594
january,enero,1.0
drop,suelte,0.852565205574
revert,revertir,0.999999542722
suffixes,sufijos,1.0
el,salvador,0.5
domain,dominio,0.909602980786
square,cuadrado,0.925538482804
receipt,acuse,0.693122117937
strikethrough,tachado,1.0
persian,persa,1.0
year,año,0.997489738388
naming,nombrado,0.928997091393
workweek,laboral,1.0
canada,canadá,1.0
container,contenedor,0.940576022363
opened,partir,0.64910136141
space,espacio,0.842867411829
navigating,navegando,1.0
dutch,holandés,1.0
lithuanian,lituano,1.0
cut,cortar,1.0
rows,filas,0.795320093063
emulation,emulación,0.766843764573
aragonese,aragonés,1.0
card,tarjeta,0.763863050378
training,aprendizaje,0.839569694106
language,idioma,0.688280268308
british,vírgenes,0.506394832896
turn,resaltador,0.615083492751
principe,tome,0.50170941551
separator,separador,0.999559611561
invitation,invitación,0.942536327659
timelines,cronología,0.546198308066
frequent,frecuente,1.0
first,primera,0.997146020156
romania,rumanía,1.0
one,hacia,0.83082243485
simplified,simplificado,0.92760020101
long,largas,0.773378870022
spanish,español,1.0
open,abrir,0.99949712589
tomorrow,mañana,1.0
applesingle,extracción,0.911472353369
defined,definida,0.584835553125
city,ciudad,0.999893685966
given,dada,0.643700856879
bookmark,marcador,0.929752231752
caught,detectadas,0.94062456004
logotype,logotipo,1.0
swaziland,swazilandia,1.0
gives,da,0.988471853923
hue,tinte,1.0
greenlandic,groenlandés,1.0
thai,tailandés,1.0
copy,copiar,0.996981614006
specify,especifican,0.60603594135
wide,amplia,0.997144211984
thumbnails,miniaturas,0.539988391837
require,requerir,0.827374512191
transferred,transferido,1.0
protected,protegido,0.837729231276
cards,tarjetas,0.913498180073
browser,navegador,0.868617936538
teletype,teletipo,1.0
surname,apellido,1.0
san,marino,0.793791795575
sat,sáb,1.0
inches,pulgadas,1.0
greek,griego,1.0
occitan,occitano,1.0
editing,editando,0.665085237956
note,nota,1.0
emphasis,énfasis,0.666666666667
animation,animación,1.0
online,conectados,0.887171319401
printer,impresora,0.999999192177
multiple,múltiple,0.999339046951
ukrainian,ucraniano,1.0
price,precio,0.622968647369
sheets,incrustadas,0.503404120768
pair,emparejar,0.968565889026
cleared,limpiados,0.844897158784
pager,buscapersonas,0.818181827607
pages,páginas,0.84868687113
icon,icono,0.638632335813
average,media,1.0
later,posterior,0.892954928867
pattern,patrón,0.837948466481
show,muéstrame,1.0
german,alemán,1.0
aggressive,agresiva,0.66667316542
breakpoints,puntos,0.913489797139
fifth,quinto,1.0
slow,sql,0.842877439608
office,oficina,1.0
title,puesto,0.818181817715
romanian,rumano,1.0
september,septiembre,1.0
paused,pausado,1.0
black,negra,0.589624774315
sierra,leona,0.998907840223
hungarian,húngaro,1.0
get,obtener,0.890459518049
soon,pronto,1.0
hyphenate,guión,0.890926452138
secondary,secundario,1.0
resource,recurso,0.763321464871
settings,ajustes,0.998249138561
summary,resumen,0.996237597426
ignored,ignoradas,0.880416100521
declared,declarada,0.90845090735
caller,llamante,0.710453773946
pane,panel,0.587977639674
replies,respuestas,0.979952625726
connections,conexiones,0.999856328656
lnk,enl,1.0
calendar,calendario,0.883052736316
invoked,realiza,0.721478256293
jumped,saltado,1.0
enough,suficiente,0.580972608449
import,exporte,0.997727629708
checks,pruebas,0.503915744406
august,agosto,1.0
parent,padre,0.999992370319
parental,parentales,0.87585580113
screen,pantalla,0.942336264399
concentrate,concentrarse,0.745299296899
armenian,armenio,1.0
invite,invitar,0.927700621011
come,provengan,0.501278118985
pixels,píxeles,0.999999834619
installation,instalaciones,0.929353716147
libya,libia,1.0
many,demasiados,0.515227458575
collapsed,plegado,1.0
present,presente,0.500000003046
subthread,subconversación,0.929903793732
expression,expresión,0.859598825095
receipts,acuses,0.595746731488
yearly,anualmente,0.5
pakistan,pakistán,1.0
key,tecla,0.999386528208
effective,efectivo,0.657429735459
probing,sondeando,0.671617413961
cancel,cancelar,0.999999999993
turkey,turquía,1.0
stretch,estirar,1.0
encryption,cifrado,0.640124428968
rebuild,reconstruir,0.8376048602
tue,mar,0.6
borders,bordes,0.987876443729
engine,motor,0.942028727991
enable,habilitar,0.996760148754
offered,ofrece,0.722347694925
grayscale,escala,1.0
commands,órdenes,0.892602927975
dictionary,diccionario,0.983026115848
external,externo,0.792762528777
hidden,oculto,1.0
protocols,mismo,0.513917915927
sound,sonido,0.57428013412
disconnected,desconecta,0.779509895895
profiles,perfiles,0.624141516607
profiler,analizador,0.893976587947
policies,políticas,0.558351701924
abcdefghijklmnopqrstuvwxyzabcdefghijklmnopqrstuvwxyz,abcdefghijklmnñopqrstuvwxyzabcdefghijklmnñopqrstuvwxyz,1.0
margin,margen,0.678781331245
canceled,cancelado,0.999999999979
sahara,sáhara,0.953557633007
kenya,kenia,1.0
breton,bretón,1.0
binary,binaria,0.650472377378
different,diferente,0.805889444518
media,medios,0.909856073114
ethiopia,etiopía,1.0
authentication,identificación,0.769956723944
followers,seguidores,1.0
arguments,argumentos,0.514894993632
algorithm,algoritmo,0.999999951417
reminder,recordatorio,0.754516525809
document,documento,0.669602824136
events,eventos,0.85456212559
status,contestador,0.596640962731
finish,finalizar,0.726471413767
screenshot,captura,0.773279224825
singapore,singapur,1.0
downloads,descargas,0.824995902788
driver,controlador,0.99999685403
running,ejecutándose,1.0
favorites,favoritos,1.0
changing,cambiando,0.504035570821
validate,validar,0.833333130307
minimize,minimizar,1.0
know,conozca,0.95853874169
components,componentes,0.883773757834
model,modelo,0.830692706564
justify,justificado,1.0
actions,acciones,0.700486383942
polish,polaco,1.0
speed,velocidad,0.999998902163
underline,subrayado,1.0
weekly,semanalmente,1.0
hint,consejo,1.0
remember,recordar,0.814834464101
confirmed,confirmado,1.0
samples,muestras,1.0
tuesday,martes,1.0
grip,asa,1.0
frown,triste,1.0
zulu,zulú,1.0
read,leer,0.999996621002
calendars,calendarios,0.804743112054
dark,oscuro,0.926651298402
netherlands,antillas,0.515227458575
grid,cuadrícula,0.708437467392
mon,lun,1.0
listening,escuchando,1.0
using,usando,0.847614354914
accepted,aceptado,1.0
recipient,receptor,0.884171806713
expunge,completamente,1.0
server,gated,0.957689927453
annually,anualmente,0.5
laughing,carcajadas,1.0
walloon,valón,1.0
simulator,simulador,0.979243806345
uppercase,mayúsculas,0.999784879871
conditional,condicional,0.999930512338
lebanon,líbano,1.0
specified,especificado,0.999999202599
images,imágenes,0.643293964438
matching,concordantes,0.808641241704
reasons,razones,0.512322069845
provided,proporcionado,0.563442157378
dimensions,dimensiones,0.999995408752
windows,ventanas,0.999866658492
confirm,confirmar,0.99038921426
sudan,sudán,1.0
noon,mediodía,1.0
critical,crítico,1.0
exit,salir,0.725214570075
provider,proveedor,0.607514077312
stopped,detenido,0.998219914314
caret,cursor,0.623409108776
arrow,flecha,0.999999067028
seconds,segundos,0.999981322117
inspect,inspeccionar,0.99749299944
utilities,utilidades,0.76200182756
credits,créditos,1.0
regexp,regular,0.505330414632
afrikaans,africano,1.0
central,centroeuropeo,0.5
package,paquete,0.770961420704
island,isla,0.996167330272
favorite,favoritas,0.99999362086
queued,cola,1.0
mixed,mixto,0.999544465201
annoyances,molestias,0.855840343332
referenced,referenciados,0.855310279352
press,pulsar,0.610812790325
image,imagen,0.857135753225
references,referencias,1.0
strip,tira,0.53581133027
operator,operador,0.999972316544
txtarea,areatxt,1.0
log,registrar,0.81620727648
area,área,0.995521340751
removing,causando,0.895878277511
start,empezar,0.999803479116
low,baja,0.769230769231
italic,cursiva,0.878651784243
hard,estricto,1.0
complete,completen,0.909708356308
namecompletion,completarnombre,1.0
haitian,haití,1.0
october,octubre,1.0
dominican,dominicana,0.999734055137
embedded,embebido,1.0
default,predeterminado,0.999560716949
hiri,motu,0.998907840223
organize,organizar,1.0
embed,anidar,1.0
define,indica,0.605918749814
agree,acepto,0.501360756241
gone,ido,0.5
contributors,colaboradores,1.0
watches,vigías,1.0
asynchronous,asíncrona,0.999507006879
file,archivo,0.889436140687
footers,pies,0.941015588153
importing,importando,0.999784035788
lifetime,útil,1.0
fill,rellenar,1.0
incorrect,incorrecta,0.768274175919
drafts,borradores,0.999871511854
ctcp,clientinfo,0.817482828013
drivers,controladores,0.534014947685
storage,almacenamiento,0.912279063463
event,evento,0.955347694239
field,campo,0.842376232855
storages,almacenamientos,0.804027971348
trash,papelera,0.500642003337
opacity,opacidad,0.908820156133
requested,solicitado,0.626081373772
separate,separada,0.932740247506
symbol,símbolo,0.826090171065
vertex,vértices,0.922712240288
loading,cargando,1.0
important,importante,0.999999992167
bullets,viñetas,1.0
remote,remoto,0.868607535642
curve,curva,0.507777762029
scroll,desplazar,0.974747266377
directory,directorios,0.826289974722
overdue,vencidas,0.916749450867
starting,comenzando,0.931970868537
original,originales,0.999743827685
forget,olvidar,0.989379509287
chinese,chino,0.994832803764
graphics,gráficos,0.681518413256
month,mes,0.925520240807
unblock,desbloquear,1.0
follow,seguir,0.66136048758
disk,disco,0.728293987817
content,contenido,0.874079598746
icons,iconos,0.99998495233
tu,ma,1.0
thursday,jueves,1.0
rwanda,ruanda,1.0
th,ju,1.0
smile,sonriendo,1.0
nodes,nodos,0.925464098527
returned,devuelto,0.536720517577
confidential,confidencial,1.0
primed,preparado,0.999364126277
list,listar,0.999221342601
moldova,moldavia,1.0
large,grandes,0.99998812035
saudi,arabia,0.515227458575
millimeters,milímetros,1.0
small,pequeño,0.99999988704
authenticating,autenticando,1.0
sync,sincronice,0.88876290876
disconnect,desconectar,0.581622458256
zero,cero,1.0
design,diseño,0.598654098108
imported,importado,0.59144243286
cast,asimilar,0.999411811832
sum,suma,1.0
brief,abreviado,0.80468252229
version,versión,0.697132759601
undecided,indeciso,1.0
certificates,certificados,0.705361523637
retention,retención,0.733545729622
public,público,0.940245204279
outgoing,saliente,1.0
full,completa,0.692867044604
iran,irán,1.0
tags,etiquetas,0.977885083028
modify,modificar,0.583932593605
hours,horas,0.997929102884
cancelled,cancelada,0.601117682846
databases,bases,0.575253582368
november,noviembre,1.0
strong,fuerte,0.998546864431
legend,leyenda,1.0
search,búsquedas,0.995612396945
sender,remitente,0.870960137773
compliance,compatibilidad,0.563877851052
allows,permite,0.522795176011
published,publicados,0.910938228344
cessation,cese,0.815047260852
options,opciones,0.980487681576
authorize,autorizar,1.0
debugger,depurador,0.954086847358
family,familia,0.99888249879
africa,sudáfrica,0.5
emptied,vaciado,0.751830510713
bidirectional,bidireccional,0.515869674937
select,seleccionar,0.999073799248
recurrence,recurrencia,0.957827161956
archived,archivados,0.968033178878
attendance,asistencia,0.500000002086
niger,níger,1.0
contains,contiene,0.6226065059
two,dos,0.994991072024
flat,plana,0.99984851667
bulgarian,búlgaro,1.0
flag,señal,0.793994875844
newsgroups,grupos,0.629381003249
none,ninguno,1.0
equation,ecuación,0.999855061222
installing,instalando,0.999999927217
autocomplete,autocompletar,0.992486504477
paragraph,párrafo,0.873732295407
del,supr,1.0
resources,recursos,0.694196817994
history,historial,0.922578358749
tooltips,consejos,0.959793585033
compare,comparación,0.998720846829
computers,equipos,0.623958656209
scam,fraudulento,0.529754012882
share,comparto,0.939756216213
states,unidos,0.501227839249
minimum,mínima,0.813021409999
protects,protegidos,0.938843360619
numbers,números,1.0
destination,destino,0.638506694024
arabic,árabe,1.0
uncheck,desmarcar,1.0
information,información,0.691771938159
archive,archivado,0.948071103181
mapping,anypolicy,0.510072038355
disable,deshabilitar,0.944005577947
maltese,maltés,1.0
participant,participante,0.5
unlink,desvincular,1.0
response,respuesta,0.54048744815
short,corto,1.0
footer,pie,0.808514298765
documentation,documentación,0.99699727341
generic,genérico,0.999252019759
specifying,especifica,0.928445480158
pay,pagar,0.918122703065
inline,incorporado,1.0
playing,reproduciendo,1.0
uninstall,desinstalar,0.83177758518
replied,contestado,1.0
help,ayuda,0.980420612471
hierarchy,jerarquía,0.649156486356
azerbaijan,azerbayán,1.0
installed,instalados,0.999889952593
disabled,desactivado,1.0
filters,filtros,0.673819172726
developer,desarrollador,0.795861377352
style,estilo,0.641789338064
verifier,verificador,0.950360827107
late,escrituras,0.515227458575
detected,detectado,0.927424777065
ethiopic,etíope,1.0
initializing,inicializando,0.994024712616
alter,alterar,0.808999537023
yi,sichuan,0.941171272211
good,bien,1.0
return,enter,0.858895953806
evaluate,evaluar,0.761591496432
entire,entera,0.76707906404
always,siempre,0.938201112803
presented,presentadas,0.50000009792
refresh,refrescar,1.0
found,encontró,0.999994212098
repeating,repetitiva,0.999776326858
ports,puertos,0.998953489262
week,semana,0.868429091744
connect,conectar,0.899128301833
operation,operación,0.826987640822
standard,estándar,1.0
missed,vencidos,0.978529452111
kickban,echar,1.0
publish,publica,0.923702895253
faqs,faq,0.5
health,salud,0.648333903229
print,impresión,0.999999198975
offline,desconectados,0.887104581713
friday,viernes,1.0
reason,razón,0.950865424074
ask,preguntarme,0.891933664438
generate,generar,0.839985284887
thrown,lanzada,0.999811602256
definition,definiciones,0.823681426443
thread,observación,0.997834723435
launch,lanzar,0.758807700575
finland,finlandia,1.0
positioning,posicionamiento,0.97285987154
american,americana,0.99984851667
syria,siria,1.0
virgin,británicas,0.506030972807
feed,canal,0.610653227623
encoding,codificación,0.874246636618
number,numérico,1.0
done,terminado,1.0
notify,notificar,0.944254277854
blank,blanco,0.666665072156
guess,adivinar,0.860379191594
guest,invitado,0.508449737346
hangs,cuelga,0.921142170659
saint,elena,0.819137346142
compromise,compromiso,0.994569192977
unchecked,desmarcado,1.0
store,almacén,0.823946454292
threaded,anidado,0.5
jordan,jordania,1.0
gpu,aceleradas,0.998918600091
federation,federación,0.941170590654
headers,cabeceras,0.999998911235
determined,calificados,0.947883927328
interactive,interactiva,0.990967346007
debugging,depuración,0.510745532116
download,descargar,0.930402825162
antarctica,antártida,1.0
option,opción,0.993364977324
zipcode,postal,0.500000008735
client,cliente,0.906081338352
also,interesar,0.685598133652
norwegian,noruego,1.0
build,compilación,0.780210109972
command,comandos,0.873897244243
cameroon,camerún,1.0
folders,carpetas,0.869868365701
play,reproducir,0.999927367912
added,inclusión,0.96082712243
warnings,advertencias,0.605553194984
customize,personalice,0.999394558257
quote,citar,0.764014933011
chars,usados,0.605017942687
quota,cuota,0.746523212771
services,servicios,0.965320885389
mobile,móvil,0.922460282723
clear,limpiar,0.983053424073
traditional,tradicional,0.999778952728
part,partida,0.999816328979
identity,identidad,0.780887240511
session,sesión,0.620138614826
font,letra,0.818024203602
find,encontrar,0.999866235091
access,acceda,0.985255340711
northern,marianas,0.913176704388
writes,demoradas,0.514894993632
failed,falló,0.97750313748
indian,británico,0.504166403199
circle,círculo,0.925538624197
columns,columnas,0.810665938544
permission,permiso,0.755249306257
restart,reinicie,0.999431106657
remove,eliminarlo,0.950315851174
croatia,croacia,1.0
common,comunes,0.997968982376
activity,actividad,0.999990166309
switzerland,suiza,1.0
set,establecer,0.994777643213
dump,volcar,0.764361571927
startup,arrancar,0.840235742552
see,tipografías,0.922953414205
individual,individuo,1.0
beautifier,embellecedor,0.942257141226
close,cerrar,0.944394966764
retweet,retuitear,1.0
declined,declinado,1.0
superseded,reemplazado,1.0
currently,actualmente,0.999999594406
rewrap,reajuste,0.645699642695
sorbian,serbio,0.56890064914
consecutive,consecutivo,0.593751212104
subscript,subíndice,1.0
risks,riesgos,0.514894993632
available,disponibles,0.999441910969
profiling,analizar,0.949206742333
recently,recientemente,0.999979919517
multiweek,multisemana,0.997140120393
complementary,complementario,1.0
initially,inicialmente,0.936090433764
spacing,interlineado,0.94411630447
interface,interfaz,0.711536339502
lightness,luz,1.0
last,último,0.999999996768
reverse,inverso,0.999999727802
connection,sido,0.640620549922
whole,completas,0.883945569099
experimental,experimentales,0.999296489319
load,cargar,0.862080870785
community,comunidad,0.988610322317
header,encabezado,0.828062242336
scottish,gaélico,0.515227458575
desktop,escritorio,0.847601733906
decline,rechazar,0.669890888264
syllabary,silabario,0.907421273205
monthly,mensualmente,1.0
create,crear,0.935975671734
due,vencimiento,1.0
secret,secreta,0.87447168738
change,cambie,0.856321284402
ireland,irlanda,1.0
collected,recopiladas,0.643083053969
territory,territorio,0.909103667356
empty,vacíos,0.867567645936
generating,generando,0.855524204901
advertise,anunciar,0.500023191634
miscellaneous,diversas,0.999859594953
delimited,delimitado,0.942045510058
solid,sólido,0.993199925484
expanded,expandido,1.0
evaluated,evaluado,0.95276416625
pressed,presionado,1.0
behavior,comportamiento,0.564502773587
animated,animadas,0.516004535624
solomon,salomón,0.950357211904
loop,bucle,0.994962388656
kingdom,unido,0.514894993632
corsican,corso,1.0
motu,hiri,0.941171272211
ready,listo,1.0
passwdtxt,txtcontr,1.0
italy,italia,1.0
prefetching,precarga,0.60254331546
copying,copiando,0.835684521721
cayman,caimán,0.999845962744
composition,composición,1.0
development,desarrollo,0.786550735743
passwords,contraseñas,0.945263742519
temporary,temporal,1.0
yesterday,ayer,1.0
alert,alerta,0.999998880241
moment,momento,0.938030135916
moving,muevan,0.762198375345
user,usuario,0.756546327981
sao,príncipe,0.951889055879
nickname,apodo,0.770047505624
stack,pila,0.990926238802
recent,recientes,0.971863730049
kurdish,kurdo,1.0
lower,sorbio,0.500009435305
task,tarea,0.904668450111
poland,polonia,1.0
synopsis,sinopsis,1.0
organization,organización,1.0
leone,sierra,0.941171272211
preference,seguimiento,0.705937860416
abbreviation,abreviatura,1.0
macedonian,macedonio,1.0
credentials,credenciales,0.941175239777
love,encanta,1.0
taiwan,taiwán,1.0
sidebar,lateral,0.930750308527
alignment,alineación,0.999992265326
execution,ejecución,0.805598364073
alternate,alternativos,0.666716169553
eager,rápidas,0.50421145488
location,misma,0.7857418964
relevance,relevancia,0.622968647369
administrative,administrativo,0.736664966705
remaining,restantes,0.601130641114
uninstallation,desinstalación,0.761623675283
indonesian,indonesio,1.0
vendor,fabricante,0.666665638437
big,demasiado,0.553612116186
unlimited,ilimitado,1.0
catalan,catalán,1.0
alias,dereferenciar,0.59946425388
appendices,apéndices,1.0
integer,entero,1.0
projects,proyectos,0.925482746274
painted,pintada,0.617801566926
communications,comunicaciones,0.877478796112
distrust,confiar,0.837269741001
continue,continuar,0.792223781455
grouped,agrupados,0.536480823828
contacts,contactos,0.807919067413
affects,afecta,0.87838878479
measurements,medidas,0.941170097323
integration,integración,0.748639448292
slovenia,eslovenia,1.0
connecting,conectando,1.0
manipulate,manipular,0.956341253437
run,pertenece,1.0
processing,procesando,0.71271681358
agreement,acuerdo,0.745469086244
refused,rechazó,0.700609350459
step,interrupción,0.905897529061
optimize,optimizar,0.93352500354
constraint,restricción,0.748523834355
papua,papúa,0.913364541247
range,rango,0.972158489696
extensions,extensiones,0.520148354751
unsorted,clasificar,0.928807764867
block,bloquear,0.999999999087
repair,reparar,0.934629629192
within,dentro,0.8371621768
servers,servidores,0.999970538341
slovak,eslovaco,1.0
troubleshooting,solucionar,0.905682195132
frames,marcos,0.962674344315
statistics,estadísticas,0.999631122535
computer,ordenador,1.0
renewal,renovación,0.732706842023
question,pregunta,0.831801090807
custom,personalizado,0.999907258788
faso,burkina,0.941171272211
forward,adelante,0.999918700257
translate,traducir,0.945675072188
sections,secciones,1.0
files,archivos,0.845331175068
peru,perú,1.0
hawaiian,hawaiano,1.0
equatorial,ecuatorial,0.999838165234
registered,registrado,1.0
link,enlazar,1.0
library,catálogo,1.0
russian,ruso,1.0
line,línea,0.83796381428
sounds,sonidos,1.0
requesting,solicitando,0.553030618442
morocco,marruecos,1.0
ui,depurado,0.739171248345
verification,verificación,0.632405509402
highlight,resaltado,0.888071607205
associated,asociada,0.883727763055
shortcuts,atajos,0.882537763201
unsafe,inseguro,0.99958341649
accessibility,accesibilidad,0.999999941362
single,sola,0.939940844489
warning,advertencia,0.897660374676
chat,charlar,1.0
parsed,procesadas,0.50000009792
tentative,tentativo,1.0
invalid,válidas,0.998904786701
application,aplicación,0.627619052685
department,departamento,1.0
users,usuarios,0.719339650394
lucia,lucía,0.807784632668
drag,arrastrar,0.768404125362
allowing,permitiendo,0.89132379287
relaunch,relanzar,0.917626738103
maldives,maldivas,1.0
guarani,guaraní,1.0
age,edad,1.0
required,requerido,1.0
requires,usted,0.513582139839
hello,hola,1.0
initiating,iniciando,0.801588513511
partial,parciales,0.997323665568
issued,emitido,1.0
results,resultados,0.83276801203
existing,existente,0.896887332122
toggle,alternar,0.970575862472
gc,recogida,0.933131314604
luxembourg,luxemburgo,1.0
go,ir,0.815373395002
query,consultada,0.886354322851
issuer,emisor,0.81447675423
compact,charis,0.910526217287
compose,redactar,0.594670178877
turkish,turco,1.0
wizard,asistente,0.80207326972
send,enviar,0.851819378811
languages,idiomas,0.901636700239
include,incluir,0.837946122256
sent,enviada,0.992884110229
uninitialized,inicializar,0.662767811675
kitts,nevis,0.510730888861
categories,categorías,0.996609625135
notes,notas,0.700173815194
attempts,intentos,0.693546153255
try,vuelva,0.822784853183
popup,emergentes,0.640024643778
hiding,ocultación,0.956431977062
locate,ubique,0.929118711858
jump,saltar,0.999999631092
video,vídeo,0.890696150563
reunion,reunión,1.0
licenses,licencias,0.526396336422
click,haga,0.99664748625
index,índice,0.64086637301
estonian,estonio,1.0
networks,redes,0.999999945216
cell,celda,0.878053097501
waiting,esperando,0.853484777513
body,cuerpo,0.624985795006
brunei,darussalam,0.998907840223
nonbreaking,romper,1.0
commercial,comercial,0.580926895146
objects,objetos,0.856622507256
unrequested,solicitadas,0.821082539665
ukraine,ucrania,1.0
convert,convertir,0.785483732185
guadeloupe,guadalupe,1.0
parameters,parámetros,0.823181556845
technical,técnicos,0.999880046876
larger,mayores,0.99826605905
shader,sombreador,0.993466846092
egypt,egipto,1.0
manage,administrar,0.940703806133
private,privado,0.99999998423
boolean,lógico,1.0
names,nombres,0.872316220359
thailand,tailandia,1.0
apply,aplicar,0.99999943949
clockwise,horario,0.75211412949
redo,rehacer,0.999999939332
cloud,nube,0.643632209251
use,utilizar,0.997300770478
sealed,sellado,1.0
certificate,certificadora,0.995444479507
illegal,ilegal,0.942790507891
next,próxima,0.825736951462
duplicate,duplicado,0.995930536183
camera,cámara,0.868540080212
december,diciembre,1.0
sort,ordenar,0.855549422509
preformat,preformato,1.0
undeclare,desdeclarar,0.917706298032
started,comenzadas,0.999563147976
occurred,ocurrido,0.940678717348
visibility,visibilidad,0.695294907077
ok,aceptar,0.633444987737
resize,redimensionar,0.946898619624
subscription,subscripción,1.0
account,cuenta,0.812732425148
polynesia,polinesia,0.952095331103
fetch,recoger,0.922153365264
control,controlar,0.773753087012
links,enlaces,0.642617138893
providers,proveedores,0.949024325547
process,proceso,0.583649291226
lock,bloqueo,0.946663066833
purposes,propósitos,1.0
high,alto,0.998639250077
tag,etiquetar,0.999985269927
serial,serie,0.907193661233
native,nativa,0.999524898075
united,reino,0.515227458575
subdirectory,subdirectorio,0.694542438419
namespace,vinculado,0.528185304193
delay,desfasar,0.921749145717
attachment,adjunto,0.672280081137
sil,compact,0.510730614038
profile,perfil,0.806093311074
overridden,sobrescrito,1.0
collection,recopilación,0.56456468965
stylesheets,hojas,0.63402634994
structure,estructura,0.570668567482
spelling,ortografía,0.518797308969
backup,respaldar,0.944144949389
reminders,avisos,0.507647095413
shutting,desaparición,0.964788448381
mark,marcarlo,0.833140881382
allow,permitir,0.999999763352
mute,silenciar,0.808926072131
slovenian,esloveno,1.0
move,mover,0.999999999932
meter,medidor,0.896372470599
symbols,símbolos,0.859770881073
comma,coma,1.0
lithuania,lituania,1.0
permanent,permanente,0.764196488791
degrees,grados,0.899039550188
button,botón,0.945613050411
pending,pendiente,0.866376357503
indexing,indexando,0.943086113514
separators,separadores,1.0
invitations,invitaciones,0.998583976865
kiss,beso,0.999999675867
front,tipográfico,0.528002022334
day,día,0.960087946629
discontinue,descontinuar,0.791936555813
articles,artículos,0.752740413515
february,febrero,1.0
edit,editar,0.999999999958
reloading,recargando,1.0
merge,mezcla,0.924885706856
latvia,letonia,1.0
transmitted,transmitir,0.964022406035
mode,modo,0.868021719902
viewing,viendo,0.802581672989
phonetic,fonético,0.99983712167
accounts,cuentas,0.50149088113
identifier,identificador,0.999966859301
constraints,restricciones,0.545662171849
attachments,adjuntos,0.832173942361
related,relacionadas,0.919666958203
books,libretas,0.841898741847
encodings,codificaciones,0.542266925071
margins,márgenes,0.668736047624
special,especial,0.998907840223
category,categoría,0.999923074047
attend,asistiré,1.0
performs,action,0.554826525702
adaptive,adaptativos,0.817906709056
supports,utiliza,0.572057387652
integrated,integrado,0.809474851215
charis,sil,0.501167698176
undo,deshacer,0.999999999996
forwarded,reenviado,1.0
indent,sangrar,0.932144831736
geometry,geometría,0.993937210438
determining,determinando,0.542764895858
keep,conservar,0.985830874261
length,longitud,1.0
timed,respondió,0.928434873344
south,sur,0.723608212031
frozen,congelado,1.0
burkina,faso,0.998907840223
unsupported,admitido,0.997958553138
embarrassed,desconcertado,1.0
svalbard,jan,0.501167722896
occurrences,apariciones,0.948851440664
reached,alcanzado,0.538328899172
quality,calidad,0.87482159518
initialization,inicialización,0.904422233843
management,administración,0.524890516395
strict,estricta,0.513360235709
histograms,histogramas,1.0
accent,acentuadas,0.999640526348
system,sistema,0.844073372271
priority,prioridad,0.799272052985
attack,atacantes,0.6834338982
belize,belice,1.0
mariana,norte,0.946840614722
completed,completadas,0.697330154865
lists,listas,0.982169878258
slider,deslizador,1.0
unsubscribe,suscripción,1.0
july,julio,1.0
detection,detección,0.83957493351
sweden,suecia,1.0
light,luminoso,1.0
visited,visitados,1.0
tabs,pestañas,0.909775521299
lines,líneas,0.772485694853
interrupted,interrumpida,0.939822887858
mongolian,mongol,1.0
microphone,micrófono,0.620110903558
documents,documentos,0.995590752388
neater,limpias,0.922712048311
switch,pasar,0.576279442881
instance,instancia,0.569925108017
builtin,integradas,0.702294680158
expires,caduca,1.0
rearrange,ejecute,0.623166094173
autoscrolling,automático,0.566497287882
connected,conectado,0.910986656513
device,dispositivo,0.873535222065
future,futuros,0.999364500344
expired,expirado,0.838200751262
payment,pago,1.0
delivery,entrega,0.834832363975
deny,denegar,1.0
untrusted,confiable,0.919494060582
request,solicitud,0.999840360635
face,cara,0.689532971846
frisian,frisiano,1.0
normally,normalmente,0.688305751722
selection,selección,0.84081396024
violation,violación,0.951008115437
text,texto,0.947825372391
supported,soportado,0.998428035574
anyway,modos,0.683383384921
chapters,capítulos,1.0
bring,llevar,0.550321976306
redirect,redirección,0.939749923993
trying,intentando,0.767015812638
unfinished,incompleta,0.856622556738
cache,caché,0.840261584112
controls,controles,0.938867266724
buttons,botones,0.80080455342
score,puntuación,0.517885647235
combo,desplegable,0.76976878944
partially,parcialmente,0.763524069694
local,locales,0.999999988559
midnight,medianoche,1.0
words,palabras,0.579118785826
years,años,0.515497665704
procedures,procedimientos,0.609993336576
denmark,dinamarca,1.0
cycled,rotado,1.0
frame,marco,0.999026955001
contain,contienen,1.0
fixed,fija,0.949313388342
view,ver,0.916605297515
computed,computada,1.0
exists,existe,0.726357157299
configured,configurado,0.932668247906
module,módulo,0.613505193648
writable,escribible,1.0
dialog,diálogo,0.766357833602
latin,latín,1.0
greece,grecia,1.0
btn,bot,0.5
stop,parar,0.999999913399
tobago,trinidad,0.941171272211
clearing,limpiando,1.0
missing,falta,0.999984541655
state,provincia,0.500000005667
beautify,embellecer,0.723689560085
closed,cerradas,0.993642536282
progress,progreso,0.677090822421
ends,termina,0.999762097026
imgmap,mapimg,1.0
optional,opcional,0.884653703003
problem,problema,0.915969222422
hits,aciertos,1.0
instant,instantáneo,0.999816148972
revoked,revocado,1.0
limits,límites,0.552229326504
followup,continuación,1.0
april,abril,1.0
attributes,atributos,0.969209737892
comment,comentario,0.589057955988
tunisia,túnez,1.0
territories,territorios,0.501442214794
anypolicy,mapeo,0.655339933207
table,tabla,0.999997082478
cw,sc,1.0
powered,basado,1.0
newsgroup,noticias,0.594312519565
hindi,hindú,1.0
copied,copiado,0.955387911793
choose,elegir,0.932925946831
tap,toque,0.575273835217
tweets,tuits,0.998953485721
finished,transacción,0.50560601664
martinique,martinica,1.0
spain,españa,1.0
glossary,glosario,1.0
align,alinear,0.999136257759
appearance,apariencia,0.999999996504
untagged,etiquetados,0.93422038106
rename,renombrar,0.99999980358
layer,capa,1.0
helper,auxiliar,0.828813849753
manually,manualmente,0.930043351786
site,sitio,0.584303563001
watched,marcada,0.997507450782
arabia,saudí,0.514894993632
highlighter,investigar,0.561582267142
member,miembro,0.858432913841
parts,partes,0.756160981556
party,edi,0.666665233223
privileged,privilegiado,1.0
expand,expandir,0.999990263423
numbered,numerada,0.597042603938
center,centrar,1.0
subtree,subárbol,1.0
hiligaynon,hiligainón,1.0
mayen,svalbard,0.910525958804
english,inglés,1.0
restore,restaurar,0.890156551008
nicknames,apodos,0.664285760407
sources,fuentes,0.991851133165
autocompletion,autocompletado,0.638562004639
console,consola,0.761918862612
wed,mié,1.0
supply,suministrar,0.901072439995
logged,iniciada,1.0
battery,batería,1.0
add,añadir,0.966450158956
somali,somalí,1.0
usage,utilización,0.860258571625
sanskrit,sánscrito,1.0
smart,interesados,0.94061977892
kick,patear,0.960304637107
saturation,saturación,1.0
checking,comprobando,0.874851523942
term,término,0.622840418379
elapsed,transcurrido,0.784474827137
belgium,bélgica,1.0
immediately,inmediatamente,0.999910388652
password,contraseña,0.77879428215
fingerprints,huellas,1.0
insert,insertar,0.837994970063
like,suena,0.5
finnish,finlandés,1.0
sundanese,sudanés,1.0
dictionaries,diccionarios,0.999891924456
verifying,verificando,1.0
finalizing,finalizando,0.885337876041
starred,estrella,0.714463997926
page,página,0.921230731323
italian,italiano,1.0
accessible,accesible,0.921317678102
exceed,exceden,0.52380864698
church,slavic,0.998907840223
authority,autoridad,0.859026866674
export,exportar,0.999998300695
home,casa,1.0
transport,transporte,0.509660691084
turkmenistan,turkmenistán,1.0
matched,coincidente,1.0
mutation,mutación,0.994969321392
panes,paneles,0.709092852883
acronym,acrónimo,1.0
expire,caduquen,1.0
paste,pegar,0.962050419745
extension,extensión,0.569197236301
getting,obteniendo,0.878599351146
column,columna,0.99999999909
albanian,albanés,1.0
recognized,reconocida,0.846894935492
statement,sentencia,1.0
insufficient,insuficiente,0.999653240165
renderer,renderizador,0.940874432923
networking,tráfico,1.0
additional,adicionales,0.999489134643
transfer,transferencia,0.752483486191
apps,aplicaciones,0.533182963668
slovakia,eslovaquia,1.0
kashubian,casubio,1.0
north,corea,0.501615130239
bosnian,bosnio,1.0
volume,volumen,1.0
expected,esperada,0.996961447262
repeated,repetida,1.0
ear,oreja,1.0
count,contador,0.810748075417
cells,celdas,0.891786924579
smooth,suave,0.628830941153
record,grabar,0.95735570911
limit,limitar,0.913514096575
signer,firmante,0.795508004346
distribution,distribución,0.782561141596
minutes,minutos,0.909090857682
display,mostrado,0.949624161388
irish,irlandés,1.0
pin,asociar,0.999423396032
contribute,colaborar,1.0
ins,insert,1.0
algeria,argelia,1.0
revocation,revocación,0.867357256007
percent,porcentaje,0.996586043002
detail,detalle,0.942362916959
book,libreta,0.63257791775
details,detalles,0.999999999655
conclusion,conclusión,1.0
junk,legítimo,1.0
repeat,desconocidos,0.505873667229
monday,lunes,1.0
june,junio,1.0
stay,quedarse,0.942263481966
nepali,nepalí,1.0
subscribe,suscribir,1.0
extraction,applesingle,0.998371816328
rule,regla,0.972134669443
understand,entiendo,0.515227458575
yell,gritar,1.0
validation,validación,0.747411704033
